INSERT INTO project(id_project, description, context, team_size) VALUES
(1, 'SAM', 'WEB', 5),
(2, 'WebBN', 'WEB', 5),
(3, 'Team Formation', 'WEB', 5),
(4, 'Sistema de Selecao', 'WEB', 5),
(5, 'Waterbending', 'WEB', 5),
(6, 'Biblioteca UFCG', 'WEB', 5),
(7, 'Turmalina NFRec', 'WEB', 5),
(8, 'RU UFCG', 'WEB', 5),
(9, 'Sistema de Gestao', 'WEB', 5),
(10, 'Dona Plantinha', 'WEB', 5),
(12, 'Kaizen Light', 'WEB', 5);


INSERT INTO module(id_module, description) VALUES
(1, 'Cadastro'),
(2, 'Gerencial'),
(3, 'Autenticação');

INSERT INTO operation(id_operation, description, id_module) VALUES
(1, 'Recuperação_de_dados', 1),
(2, 'Atualizar_dados', 1),
(3, 'Modificar_inserção_de_dados', 1),
(4, 'Fazer_login_com_usuário_e_senha', 3),
(5, 'Notificar_via_aplicação', 2),
(6, 'Criar_conta', 3),
(7, 'Inserir_dados', 1),
(8, 'Validar_permissão_do_usuário', 3),
(9, 'Visualizar_Dashboard', 2),
(10, 'Remover_dados', 1),
(11, 'Notificar_via_email', 2),
(12, 'Recuperar_senha', 3),
(13, 'Acessar_pela_primeira_vez_o_sistema', 3),
(15, 'Exportar_relatório_em_PDF', 2);

INSERT INTO task(id_task, description, id_operation) VALUES
(1, 'Criar tela para atualizar perfil', 14),
(2, 'Implementar metodo para envio do e-mail', 11),
(3, 'Configurar API', 4),
(4, 'Persistir no banco os dados de acesso', 13),
(5, 'Fazer logout', 4),
(6, 'Persistir dados banco de dados', 7),
(7, 'Criar serviço user', 14),
(8, 'Criar serviço Auth (Server)', 4),
(9, 'Consumir serviço para inserção', 3),
(10, 'Remover dados banco de dados', 10),
(11, 'Associar entidades no banco de dados', 2),
(12, 'Criar Layout do E-mail', 11),
(13, 'Declarar o provider', 4),
(14, 'Fazer chamada para tela de listagem', 1),
(15, 'Modificar tela inserção', 1),
(16, 'Criar serviço alteração', 2),
(17, 'Criar rota de cadastro', 13),
(18, 'Recuperar dados do usuário logado', 8),
(19, 'Criar tela para primeiro acesso', 13),
(20, 'Alterar menu do sistema', 1),
(21, 'Criar entidade no banco de dados', 6),
(22, 'Modificar chamada para tela de inserção', 3),
(23, 'Consumir API externa', 11),
(24, 'Modificar tela inserção', 7),
(25, 'Fazer chamada para tela de alteração', 2),
(26, 'Criar rotas para listagem', 1),
(27, 'Modificar validação dados inserção no servidor', 3),
(28, 'Atualizar aba notificações com os novos cards de notificação', 5),
(29, 'Expandir informações de item da listagem', 1),
(30, 'Persistir dados banco de dados', 3),
(31, 'Criar campos Login e Senha', 4),
(32, 'Criptografar senha no banco', 4),
(33, 'Criar ordenação para listagem', 1),
(34, 'Modificar rota de inserção de dados', 3),
(35, 'Validar Dados no Servidor', 2),
(36, 'Implementar metodo para exportação de relatório em PDF', 15),
(37, 'Criar serviço exclusão', 10),
(38, 'Fazer o roteamento da URL', 4),
(39, 'Validar e-mail e senha informado', 13),
(40, 'Criar middlewares para validação do token', 8),
(41, 'Criar view do card de notificação', 5),
(42, 'Criar tela para visualizar detalhes', 1),
(43, 'Consumir serviço para exclusão', 10),
(44, 'Adicionar no dashboard uma aba de notificações', 5),
(45, 'Validar permissão do usuário na aplicação', 8),
(46, 'Criar serviço para conexão com firebase no frontend', 5),
(47, 'Consumir serviço para inserção', 7),
(48, 'Criar paginação para listagem', 1),
(49, 'Encriptar senha do novo usuário', 13),
(50, 'Criar serviço de envio de e-mail', 11),
(51, 'Criar tela para nova conta', 6),
(52, 'Criar serviço de listagem', 1),
(53, 'Validar e-mail e senha informado', 12),
(54, 'Criar rota de cadastro', 6),
(55, 'Criar rotas para remoção de dados', 10),
(56, 'Modificar entidade no banco de dados', 3),
(57, 'Integrar back com front', 4),
(58, 'Criar rota de inserção de dados', 7),
(59, 'Criar tela do dashboard', 9),
(60, 'Alterar tela de login', 12),
(61, 'Modificar tela inserção', 3),
(62, 'Consumir serviço para alteração', 2),
(63, 'Criar entidade no banco de dados', 7),
(64, 'Comparar senhas informadas', 13),
(65, 'Criar método de inserção', 7),
(66, 'Criar tela para cadastro de nova senha', 12),
(67, 'Fazer o roteamento da URL', 13),
(68, 'Fazer validação de dados no cliente', 7),
(69, 'Integrar back com front', 6),
(70, 'Atualizar serviço para nova conta', 6),
(71, 'Criar tela inserção', 7),
(72, 'Criar rota de recuperação de senha', 12),
(73, 'Fazer validação de dados no cliente.', 2),
(74, 'Atualizar dados banco de dados', 2),
(75, 'Validar dados inserção no servidor', 7),
(76, 'Consumir serviço para listagem', 1),
(77, 'Criar tela listagem', 1),
(78, 'Criar serviço Auth (Client)', 4),
(79, 'Criar filtro para listagem', 1),
(80, 'Alterar tela para exclusão', 10),
(81, 'Criar serviço de notificação', 12),
(82, 'Criar serviço de notificação via Firebase no backend', 5),
(83, 'Criar Gráfico', 1),
(84, 'Fazer chamada para tela de inserção', 7),
(85, 'Criar modal de confirmação e toast de feedback', 10),
(86, 'Modificar validação de dados no cliente', 3),
(87, 'Criar tela alteração', 2),
(88, 'Integrar back com front', 13),
(89, 'Modificar método de inserção', 3),
(90, 'Recuperar dados do banco de dados', 1),
(92, 'Recuperar dados da notificação', 5);

INSERT INTO project_task(id, description, id_project, id_task, planned_hours, worked_hours, responsible, experience, complexity) VALUES
(1, ' ', 9, 31, 2.0, 3.0, 'David Medeiros', 'Pleno', 1),
(2, ' ', 9, 67, 2.0, 3.0, 'Yuri Kelvin', 'Pleno', 1),
(3, ' ', 9, 63, 2.0, 3.0, 'Paulo Vitor', 'Pleno', 1),
(4, ' ', 9, 4, 2.0, 2.0, 'Wendley Paulo', 'Senior', 1),
(5, ' ', 9, 66, 2.0, 4.0, 'Yovany Marroquin', 'Pleno', 1),
(6, ' ', 9, 67, 2.0, 4.0, 'Yovany Marroquin', 'Pleno', 1),
(7, ' ', 9, 67, 4.0, 5.0, 'Dales Ewerton', 'Junior', 1),
(8, ' ', 9, 32, 1.0, 1.0, 'Wendley Paulo', 'Senior', 1),
(9, ' ', 9, 63, 1.0, 1.0, 'Wendley Paulo', 'Senior', 1),
(10, ' ', 9, 66, 1.0, 3.0, 'Dales Ewerton', 'Junior', 1),
(11, ' ', 9, 67, 1.0, 1.0, 'Yuri Kelvin', 'Pleno', 1),
(12, ' ', 9, 67, 2.0, 3.0, 'Paulo Vitor', 'Pleno', 1),
(13, ' ', 9, 87, 2.0, 3.0, 'Dales Ewerton', 'Junior', 1),
(14, ' ', 9, 72, 2.0, 4.0, 'Paulo Vitor', 'Pleno', 1),
(15, ' ', 9, 16, 1.0, 1.0, 'Yuri Kelvin', 'Pleno', 1),
(16, ' ', 9, 60, 2.0, 1.0, 'David Medeiros', 'Pleno', 1),
(17, ' ', 9, 66, 2.0, 3.0, 'David Medeiros', 'Pleno', 1),
(18, ' ', 9, 72, 4.0, 4.0, 'Wendley Paulo', 'Senior', 1),
(19, ' ', 9, 3, 3.0, 5.0, 'Dales Ewerton', 'Junior', 1),
(20, ' ', 9, 81, 1.0, 2.0, 'Yuri Kelvin', 'Pleno', 1),
(21, ' ', 9, 72, 2.0, 2.0, 'Paulo Vitor', 'Pleno', 1),
(22, ' ', 9, 71, 4.0, 8.0, 'Yovany Marroquin', 'Pleno', 1),
(23, ' ', 9, 71, 4.0, 3.0, 'David Medeiros', 'Pleno', 1),
(24, ' ', 9, 63, 1.0, 1.0, 'Paulo Vitor', 'Pleno', 1),
(25, ' ', 9, 58, 1.0, 1.0, 'Paulo Vitor', 'Pleno', 1),
(26, ' ', 9, 58, 1.0, 1.0, 'Paulo Vitor', 'Pleno', 1),
(27, ' ', 9, 16, 4.0, 6.0, 'Yuri Kelvin', 'Pleno', 1),
(28, ' ', 9, 87, 4.0, 4.0, 'David Medeiros', 'Pleno', 1),
(29, ' ', 9, 34, 2.0, 2.0, 'Yuri Kelvin', 'Pleno', 1),
(30, ' ', 9, 55, 1.0, 1.0, 'Yuri Kelvin', 'Pleno', 1),
(31, ' ', 9, 77, 4.0, 5.0, 'Dales Ewerton', 'Junior', 1),
(32, ' ', 9, 61, 1.0, 2.0, 'Dales Ewerton', 'Junior', 1),
(33, ' ', 9, 26, 0.0, 1.0, 'Yuri Kelvin', 'Pleno', 1),
(34, ' ', 9, 34, 2.0, 1.0, 'Yuri Kelvin', 'Pleno', 1),
(35, ' ', 9, 90, 2.0, 4.5, 'David Medeiros', 'Pleno', 1),
(36, ' ', 9, 71, 2.0, 3.0, 'Dales Ewerton', 'Junior', 1),
(37, ' ', 9, 61, 4.0, 6.0, 'Dales Ewerton', 'Junior', 1),
(38, ' ', 9, 61, 2.0, 4.0, 'Yuri Kelvin', 'Pleno', 1),
(39, ' ', 9, 63, 1.0, 1.0, 'Wendley Paulo', 'Senior', 1),
(40, ' ', 9, 51, 2.0, 3.0, 'David Medeiros', 'Pleno', 1),
(41, ' ', 9, 54, 2.0, 3.0, 'Wendley Paulo', 'Senior', 1),
(42, ' ', 9, 81, 1.0, 1.0, 'Yuri Kelvin', 'Pleno', 1),
(43, ' ', 9, 88, 3.0, 3.5, 'David Medeiros', 'Pleno', 1),
(44, ' ', 9, 54, 1.0, 1.0, 'Yuri Kelvin', 'Pleno', 1),
(45, ' ', 9, 51, 1.0, 3.0, 'Dales Ewerton', 'Junior', 1),
(46, ' ', 9, 14, 4.0, 6.0, 'Dales Ewerton', 'Junior', 1),
(47, ' ', 9, 70, 4.0, 6.0, 'Yuri Kelvin', 'Pleno', 1),
(48, ' ', 9, 80, 2.0, 3.0, 'Yuri Kelvin', 'Pleno', 1),
(49, ' ', 9, 55, 1.0, 1.0, 'Paulo Vitor', 'Pleno', 1),
(50, ' ', 9, 55, 1.0, 1.0, 'Yuri Kelvin', 'Pleno', 1),
(51, ' ', 9, 80, 1.0, 2.0, 'David Medeiros', 'Pleno', 1),
(52, ' ', 9, 80, 2.0, 4.0, 'Dales Ewerton', 'Junior', 1),
(53, ' ', 9, 87, 0.0, 2.0, 'Yuri Kelvin', 'Pleno', 1),
(54, ' ', 9, 87, 2.0, 1.0, 'Yuri Kelvin', 'Pleno', 1),
(55, ' ', 9, 87, 2.0, 1.0, 'Yuri Kelvin', 'Pleno', 1),
(56, ' ', 9, 67, 3.0, 3.0, 'Yuri Kelvin', 'Pleno', 1),
(57, ' ', 9, 63, 1.0, 1.0, 'Yovany Marroquin', 'Pleno', 1),
(58, ' ', 9, 54, 1.0, 1.0, 'Yuri Kelvin', 'Pleno', 1),
(59, ' ', 9, 81, 2.0, 1.0, 'Yuri Kelvin', 'Pleno', 1),
(60, ' ', 9, 80, 2.0, 3.0, 'Yuri Kelvin', 'Pleno', 1),
(61, ' ', 9, 55, 2.0, 4.0, 'Yovany Marroquin', 'Pleno', 1),
(62, ' ', 9, 55, 1.0, 1.0, 'Yuri Kelvin', 'Pleno', 1),
(63, ' ', 9, 85, 1.0, 3.0, 'Dales Ewerton', 'Junior', 1),
(64, ' ', 9, 80, 1.0, 1.0, 'Yuri Kelvin', 'Pleno', 1),
(65, ' ', 9, 77, 2.0, 1.0, 'Yuri Kelvin', 'Pleno', 1),
(66, ' ', 9, 77, 2.0, 1.0, 'Yuri Kelvin', 'Pleno', 1),
(67, ' ', 9, 63, 1.0, 1.0, 'Yovany Marroquin', 'Pleno', 1),
(68, ' ', 9, 54, 1.0, 1.0, 'Paulo Vitor', 'Pleno', 1),
(69, ' ', 9, 81, 2.0, 2.0, 'Yovany Marroquin', 'Pleno', 1),
(70, ' ', 9, 51, 1.0, 0.1, 'David Medeiros', 'Pleno', 1),
(71, ' ', 9, 88, 0.0, 0.2, 'David Medeiros', 'Pleno', 1),
(72, ' ', 9, 80, 2.0, 2.0, 'David Medeiros', 'Pleno', 1),
(73, ' ', 9, 55, 1.0, 1.0, 'Yovany Marroquin', 'Pleno', 1),
(74, ' ', 9, 55, 2.0, 1.0, 'Paulo Vitor', 'Pleno', 1),
(75, ' ', 9, 85, 1.0, 1.5, 'Yovany Marroquin', 'Pleno', 1),
(76, ' ', 9, 77, 1.0, 1.0, 'Wendley Paulo', 'Senior', 1),
(77, ' ', 9, 77, 1.0, 0.5, 'Dales Ewerton', 'Junior', 1),
(78, ' ', 9, 20, 1.0, 1.5, 'Dales Ewerton', 'Junior', 1),
(79, ' ', 9, 58, 4.0, 6.0, 'Yovany Marroquin', 'Pleno', 1),
(80, ' ', 9, 71, 2.0, 3.0, 'Dales Ewerton', 'Junior', 1),
(81, ' ', 9, 63, 4.0, 10.0, 'Wendley Paulo', 'Senior', 1),
(82, ' ', 9, 63, 4.0, 3.0, 'Wendley Paulo', 'Senior', 1),
(83, ' ', 9, 58, 2.0, 2.0, 'Paulo Vitor', 'Pleno', 1),
(84, ' ', 9, 58, 2.0, 4.0, 'Yuri Kelvin', 'Pleno', 1),
(85, ' ', 9, 58, 4.0, 4.0, 'Dales Ewerton', 'Junior', 1),
(86, ' ', 9, 58, 1.0, 2.0, 'Yuri Kelvin', 'Pleno', 1),
(87, ' ', 9, 34, 1.0, 2.0, 'Yuri Kelvin', 'Pleno', 1),
(88, ' ', 9, 87, 2.0, 3.0, 'David Medeiros', 'Pleno', 1),
(89, ' ', 9, 34, 1.0, 1.0, 'Paulo Vitor', 'Pleno', 1),
(90, ' ', 9, 25, 2.0, 3.0, 'David Medeiros', 'Pleno', 1),
(91, ' ', 9, 74, 1.0, 1.0, 'David Medeiros', 'Pleno', 1),
(92, ' ', 9, 87, 1.0, 1.5, 'David Medeiros', 'Pleno', 1),
(93, ' ', 9, 87, 2.0, 2.0, 'David Medeiros', 'Pleno', 1),
(94, ' ', 9, 56, 1.0, 1.0, 'Yuri Kelvin', 'Pleno', 1),
(95, ' ', 9, 56, 2.0, 1.0, 'Yuri Kelvin', 'Pleno', 1),
(96, ' ', 9, 87, 2.0, 3.0, 'David Medeiros', 'Pleno', 1),
(97, ' ', 9, 87, 2.0, 4.0, 'David Medeiros', 'Pleno', 1),
(98, ' ', 9, 34, 2.0, 2.0, 'Yuri Kelvin', 'Pleno', 1),
(99, ' ', 9, 34, 2.0, 1.0, 'Yuri Kelvin', 'Pleno', 1),
(100, ' ', 9, 71, 1.0, 2.0, 'Dales Ewerton', 'Junior', 1),
(101, ' ', 9, 63, 1.0, 2.0, 'Paulo Vitor', 'Pleno', 1),
(102, ' ', 9, 74, 1.0, 2.0, 'Paulo Vitor', 'Pleno', 1),
(103, ' ', 9, 58, 4.0, 6.0, 'Yovany Marroquin', 'Pleno', 1),
(104, ' ', 9, 58, 4.0, 6.0, 'Paulo Vitor', 'Pleno', 1),
(105, ' ', 9, 71, 2.0, 2.0, 'Yuri Kelvin', 'Pleno', 1),
(106, ' ', 9, 75, 2.0, 1.0, 'Paulo Vitor', 'Pleno', 1),
(107, ' ', 9, 34, 2.0, 2.0, 'Yuri Kelvin', 'Pleno', 1),
(108, ' ', 9, 56, 1.0, 1.0, 'Paulo Vitor', 'Pleno', 1),
(109, ' ', 9, 34, 1.0, 1.0, 'Paulo Vitor', 'Pleno', 1),
(110, ' ', 9, 71, 2.0, 3.0, 'Dales Ewerton', 'Junior', 1),
(111, ' ', 9, 71, 1.0, 2.0, 'Dales Ewerton', 'Junior', 1),
(112, ' ', 9, 71, 1.0, 2.0, 'David Medeiros', 'Pleno', 1),
(113, ' ', 9, 77, 2.0, 2.0, 'Wendley Paulo', 'Senior', 1),
(114, ' ', 9, 87, 2.0, 2.0, 'David Medeiros', 'Pleno', 1),
(115, ' ', 9, 87, 2.0, 4.0, 'Yovany Marroquin', 'Pleno', 1),
(116, ' ', 9, 87, 2.0, 2.5, 'David Medeiros', 'Pleno', 1),
(117, ' ', 9, 87, 1.0, 3.0, 'Dales Ewerton', 'Junior', 1),
(118, ' ', 9, 77, 1.0, 1.0, 'Yuri Kelvin', 'Pleno', 1),
(119, ' ', 9, 34, 2.0, 1.0, 'Yuri Kelvin', 'Pleno', 1),
(120, ' ', 9, 61, 2.0, 2.0, 'Yovany Marroquin', 'Pleno', 1),
(121, ' ', 9, 77, 2.0, 2.0, 'Wendley Paulo', 'Senior', 1),
(122, ' ', 9, 71, 2.0, 4.0, 'Yovany Marroquin', 'Pleno', 1),
(123, ' ', 9, 71, 4.0, 5.0, 'Paulo Vitor', 'Pleno', 1),
(124, ' ', 9, 58, 0.0, 2.0, 'Paulo Vitor', 'Pleno', 1),
(125, ' ', 9, 63, 0.0, 2.0, 'Paulo Vitor', 'Pleno', 1),
(126, ' ', 9, 58, 1.0, 2.0, 'Paulo Vitor', 'Pleno', 1),
(127, ' ', 9, 58, 1.0, 1.0, 'Paulo Vitor', 'Pleno', 1),
(128, ' ', 9, 77, 1.0, 2.0, 'Paulo Vitor', 'Pleno', 1),
(129, ' ', 9, 47, 4.0, 6.0, 'Paulo Vitor', 'Pleno', 1),
(130, ' ', 9, 77, 2.0, 2.0, 'Paulo Vitor', 'Pleno', 1),
(131, ' ', 9, 77, 2.0, 2.0, 'Wendley Paulo', 'Senior', 1),
(132, ' ', 9, 26, 1.0, 2.0, 'Wendley Paulo', 'Senior', 1),
(133, ' ', 9, 26, 1.0, 2.0, 'Wendley Paulo', 'Senior', 1),
(134, ' ', 9, 87, 2.0, 2.0, 'Wendley Paulo', 'Senior', 1),
(135, ' ', 9, 77, 2.0, 2.0, 'Wendley Paulo', 'Senior', 1),
(136, ' ', 9, 26, 1.0, 2.0, 'Wendley Paulo', 'Senior', 1),
(137, ' ', 9, 26, 2.0, 2.0, 'Wendley Paulo', 'Senior', 1),
(138, ' ', 9, 77, 2.0, 2.0, 'Wendley Paulo', 'Senior', 1),
(139, ' ', 9, 26, 3.0, 3.0, 'Wendley Paulo', 'Senior', 1),
(140, ' ', 9, 77, 2.0, 2.0, 'Wendley Paulo', 'Senior', 1),
(141, ' ', 9, 77, 2.0, 2.0, 'Wendley Paulo', 'Senior', 1),
(142, ' ', 9, 77, 1.0, 1.0, 'Wendley Paulo', 'Senior', 1),
(143, ' ', 9, 77, 1.0, 0.15, 'Wendley Paulo', 'Senior', 1),
(144, ' ', 9, 77, 1.0, 0.15, 'Wendley Paulo', 'Senior', 1),
(145, ' ', 9, 26, 1.0, 1.0, 'Yuri Kelvin', 'Pleno', 1),
(146, ' ', 9, 77, 1.0, 2.0, 'Yuri Kelvin', 'Pleno', 1),
(147, ' ', 9, 82, 1.0, 1.5, 'Wendley Paulo', 'Senior', 1),
(148, ' ', 9, 46, 2.0, 4.0, 'Wendley Paulo', 'Senior', 1),
(149, ' ', 9, 82, 1.0, 1.5, 'Wendley Paulo', 'Senior', 1),
(150, ' ', 9, 46, 4.0, 4.0, 'Wendley Paulo', 'Senior', 1),
(151, ' ', 9, 63, 1.0, 1.0, 'Yuri Kelvin', 'Pleno', 1),
(152, ' ', 9, 56, 1.0, 0.15, 'Yuri Kelvin', 'Pleno', 1),
(153, ' ', 9, 56, 1.0, 0.15, 'Yuri Kelvin', 'Pleno', 1),
(154, ' ', 9, 56, 4.0, 4.0, 'Yuri Kelvin', 'Pleno', 1),
(155, ' ', 9, 34, 2.0, 2.0, 'Yuri Kelvin', 'Pleno', 1),
(156, ' ', 9, 61, 2.0, 3.0, 'Dales Ewerton', 'Junior', 1),
(157, ' ', 9, 55, 4.0, 4.0, 'Mendelssohn Dantas', 'Pleno', 1),
(158, ' ', 9, 58, 4.0, 4.0, 'Yuri Kelvin', 'Pleno', 1),
(159, ' ', 9, 58, 4.0, 6.0, 'Wendley Paulo', 'Senior', 1),
(160, ' ', 9, 71, 4.0, 2.0, 'Dales Ewerton', 'Junior', 1),
(161, ' ', 9, 61, 4.0, 7.0, 'Mendelssohn Dantas', 'Pleno', 1),
(162, ' ', 9, 34, 1.0, 0.5, 'Yuri Kelvin', 'Pleno', 1),
(163, ' ', 9, 61, 2.0, 5.0, 'Dales Ewerton', 'Junior', 1),
(164, ' ', 9, 61, 3.0, 4.0, 'Wendley Paulo', 'Senior', 1),
(165, ' ', 9, 58, 2.0, 3.0, 'Yuri Kelvin', 'Pleno', 1),
(166, ' ', 9, 34, 2.0, 2.0, 'Yuri Kelvin', 'Pleno', 1),
(167, ' ', 9, 34, 2.0, 2.0, 'Yuri Kelvin', 'Pleno', 1),
(168, ' ', 9, 55, 1.0, 1.0, 'Yuri Kelvin', 'Pleno', 1),
(169, ' ', 9, 34, 1.0, 1.0, 'Yuri Kelvin', 'Pleno', 1),
(170, ' ', 9, 26, 1.0, 1.0, 'Wendley Paulo', 'Senior', 1),
(171, ' ', 9, 58, 4.0, 6.0, 'Wendley Paulo', 'Senior', 1),
(172, ' ', 9, 26, 2.0, 1.0, 'Yuri Kelvin', 'Pleno', 1),
(173, ' ', 9, 56, 2.0, 2.0, 'Yuri Kelvin', 'Pleno', 1),
(174, ' ', 9, 77, 2.0, 2.0, 'Yuri Kelvin', 'Pleno', 1),
(175, ' ', 9, 61, 2.0, 2.0, 'Yuri Kelvin', 'Pleno', 1),
(176, ' ', 9, 26, 2.0, 1.0, 'Yuri Kelvin', 'Pleno', 1),
(177, ' ', 9, 56, 2.0, 2.0, 'Dales Ewerton', 'Junior', 1),
(178, ' ', 9, 34, 1.0, 2.0, 'Dales Ewerton', 'Junior', 1),
(179, ' ', 9, 58, 1.0, 3.0, 'Yuri Kelvin', 'Pleno', 1),
(180, ' ', 9, 58, 2.0, 3.0, 'Dales Ewerton', 'Junior', 1),
(181, ' ', 9, 71, 4.0, 4.0, 'Yuri Kelvin', 'Pleno', 1),
(182, ' ', 9, 61, 2.0, 3.0, 'Dales Ewerton', 'Junior', 1),
(183, ' ', 9, 26, 1.0, 1.0, 'Yuri Kelvin', 'Pleno', 1),
(184, ' ', 9, 26, 1.0, 2.0, 'Mendelssohn Dantas', 'Pleno', 1),
(185, ' ', 9, 77, 2.0, 4.0, 'Mendelssohn Dantas', 'Pleno', 1),
(186, ' ', 9, 26, 2.0, 1.0, 'Mendelssohn Dantas', 'Pleno', 1),
(187, ' ', 9, 55, 1.0, 1.0, 'Mendelssohn Dantas', 'Pleno', 1),
(188, ' ', 9, 42, 2.0, 4.0, 'Lucas Barbosa', 'Pleno', 1),
(189, ' ', 9, 71, 2.0, 4.0, 'Luan Rocha', 'Junior', 1),
(190, ' ', 9, 77, 1.0, 2.0, 'Mendelssohn Dantas', 'Pleno', 1),
(191, ' ', 9, 61, 2.0, 4.0, 'Dales Ewerton', 'Junior', 1),
(192, ' ', 9, 58, 2.0, 3.0, 'Lucas Barbosa', 'Pleno', 1),
(193, ' ', 9, 71, 3.0, 3.0, 'Lucas Barbosa', 'Pleno', 1),
(194, ' ', 9, 26, 2.0, 3.0, 'Dales Ewerton', 'Junior', 1),
(195, ' ', 9, 79, 1.0, 3.0, 'Dales Ewerton', 'Junior', 1),
(196, ' ', 9, 61, 2.0, 3.0, 'Lucas Cavalcanti', 'Pleno', 1),
(197, ' ', 9, 58, 2.0, 2.0, 'Sheilla da Silva', 'Pleno', 1),
(198, ' ', 9, 40, 1.0, 0.5, 'Mendelssohn Dantas', 'Pleno', 1),
(199, ' ', 9, 81, 2.0, 2.0, 'Mendelssohn Dantas', 'Pleno', 1),
(200, ' ', 9, 72, 2.0, 2.0, 'Mendelssohn Dantas', 'Pleno', 1),
(201, ' ', 9, 40, 1.0, 1.5, 'Mendelssohn Dantas', 'Pleno', 1),
(202, ' ', 9, 52, 2.0, 3.0, 'Luan Rocha', 'Junior', 1),
(203, ' ', 9, 79, 3.0, 4.0, 'Dales Ewerton', 'Junior', 1),
(204, ' ', 9, 44, 2.0, 2.0, 'Lucas Cavalcanti', 'Pleno', 1),
(205, ' ', 9, 41, 2.0, 2.0, 'Dales Ewerton', 'Junior', 1),
(206, ' ', 9, 82, 3.0, 4.0, 'Luan Rocha', 'Junior', 1),
(207, ' ', 9, 46, 4.0, 4.0, 'Sheilla da Silva', 'Pleno', 1),
(208, ' ', 9, 46, 4.0, 5.0, 'Dales Ewerton', 'Junior', 1),
(209, ' ', 9, 88, 2.0, 6.0, 'Dales Ewerton', 'Junior', 1),
(210, ' ', 9, 88, 4.0, 4.0, 'Sheilla da Silva', 'Pleno', 1),
(211, ' ', 9, 37, 1.0, 2.0, 'Luan Rocha', 'Junior', 1),
(212, ' ', 3, 77, 1.0, 2.0, 'Antonio Pedro', 'Pleno', 1),
(213, ' ', 3, 14, 1.0, 1.0, 'Tulio Henrique', 'Pleno', 1),
(214, ' ', 3, 61, 2.0, 2.0, 'Vinicius Jose', 'Pleno', 1),
(215, ' ', 3, 56, 1.0, 1.0, 'Wendley Paulo', 'Senior', 1),
(216, ' ', 3, 61, 0.5, 2.0, 'Hadrizia Virginia', 'Junior', 1),
(217, ' ', 3, 63, 2.0, 2.0, 'Wendley Paulo', 'Senior', 1),
(218, ' ', 3, 14, 1.0, 1.0, 'Wendley Paulo', 'Senior', 1),
(219, ' ', 3, 34, 1.5, 4.0, 'Hadrizia Virginia', 'Junior', 1),
(220, ' ', 3, 11, 4.0, 6.0, 'Hadrizia Virginia', 'Junior', 1),
(221, ' ', 3, 11, 4.0, 6.0, 'Hadrizia Virginia', 'Junior', 1),
(222, ' ', 3, 61, 1.0, 1.0, 'Wendley Paulo', 'Senior', 1),
(223, ' ', 3, 61, 3.0, 3.0, 'Wendley Paulo', 'Senior', 1),
(224, ' ', 3, 61, 2.5, 4.0, 'Hadrizia Virginia', 'Junior', 1),
(225, ' ', 3, 90, 2.0, 4.0, 'Hadrizia Virginia', 'Junior', 1),
(226, ' ', 3, 61, 3.0, 3.0, 'Wendley Paulo', 'Senior', 1),
(227, ' ', 3, 89, 2.0, 3.0, 'Hadrizia Virginia', 'Junior', 1),
(228, ' ', 3, 68, 2.0, 2.0, 'Wendley Paulo', 'Senior', 1),
(229, ' ', 3, 61, 3.0, 3.0, 'Wendley Paulo', 'Senior', 1),
(230, ' ', 3, 61, 2.0, 2.0, 'Antonio Pedro', 'Pleno', 1),
(231, ' ', 3, 26, 2.0, 4.0, 'Hadrizia Virginia', 'Junior', 1),
(232, ' ', 3, 68, 2.0, 2.0, 'Wendley Paulo', 'Senior', 1),
(233, ' ', 3, 61, 1.0, 3.0, 'Hadrizia Virginia', 'Junior', 1),
(234, ' ', 3, 61, 1.0, 3.0, 'Hadrizia Virginia', 'Junior', 1),
(235, ' ', 3, 61, 2.0, 2.0, 'Wendley Paulo', 'Senior', 1),
(236, ' ', 3, 56, 1.0, 2.0, 'Hadrizia Virginia', 'Junior', 1),
(237, ' ', 3, 61, 2.0, 2.0, 'Hadrizia Virginia', 'Junior', 1),
(238, ' ', 3, 58, 3.0, 3.0, 'Wendley Paulo', 'Senior', 1),
(239, ' ', 3, 34, 3.0, 3.0, 'Wendley Paulo', 'Senior', 1),
(240, ' ', 3, 52, 3.5, 4.0, 'Cesar Ferreira', 'Pleno', 1),
(241, ' ', 3, 61, 2.0, 2.0, 'Wendley Paulo', 'Senior', 1),
(242, ' ', 3, 77, 1.0, 1.0, 'Wendley Paulo', 'Senior', 1),
(243, ' ', 3, 90, 2.0, 2.0, 'Wendley Paulo', 'Senior', 1),
(244, ' ', 3, 76, 2.0, 2.0, 'Wendley Paulo', 'Senior', 1),
(245, ' ', 3, 61, 2.0, 2.0, 'Cesar Ferreira', 'Pleno', 1),
(246, ' ', 3, 90, 1.0, 3.0, 'Hadrizia Virginia', 'Junior', 1),
(247, ' ', 4, 31, 4.0, 4.0, 'Antonio Pedro', 'Pleno', 1),
(248, ' ', 4, 63, 4.0, 2.0, 'Antonio Pedro', 'Pleno', 1),
(249, ' ', 4, 8, 4.0, 6.0, 'Anderson Fellipe', 'Pleno', 1),
(250, ' ', 4, 78, 6.0, 4.0, 'Anderson Fellipe', 'Pleno', 1),
(251, ' ', 4, 26, 2.0, 1.0, 'Marcos Cesar', 'Pleno', 1),
(252, ' ', 4, 77, 1.0, 1.0, 'Gabriel Morais', 'Pleno', 1),
(253, ' ', 4, 76, 4.0, 3.0, 'Marcos Cesar', 'Pleno', 1),
(254, ' ', 4, 29, 2.0, 1.0, 'Gabriel Morais', 'Pleno', 1),
(255, ' ', 4, 51, 2.0, 3.0, 'Anderson Fellipe', 'Pleno', 1),
(256, ' ', 4, 63, 2.0, 2.0, 'Marcos Cesar', 'Pleno', 1),
(257, ' ', 4, 54, 2.0, 1.0, 'Marcos Cesar', 'Pleno', 1),
(258, ' ', 4, 70, 2.0, 3.0, 'Antonio Pedro', 'Pleno', 1),
(259, ' ', 4, 40, 8.0, 16.0, 'Anderson Fellipe', 'Pleno', 1),
(260, ' ', 4, 40, 4.0, 4.0, 'Anderson Fellipe', 'Pleno', 1),
(261, ' ', 4, 37, 4.0, 2.0, 'Antonio Pedro', 'Pleno', 1),
(262, ' ', 4, 43, 2.0, 1.0, 'Marcos Cesar', 'Pleno', 1),
(263, ' ', 4, 77, 4.0, 8.0, 'Anderson Fellipe', 'Pleno', 1),
(264, ' ', 4, 90, 4.0, 1.0, 'Anderson Fellipe', 'Pleno', 1),
(265, ' ', 4, 33, 4.0, 1.0, 'Anderson Fellipe', 'Pleno', 1),
(266, ' ', 4, 90, 2.0, 1.0, 'Gabriel Morais', 'Pleno', 1),
(267, ' ', 4, 77, 4.0, 4.0, 'Gabriel Morais', 'Pleno', 1),
(268, ' ', 4, 76, 2.0, 2.0, 'Marcos Cesar', 'Pleno', 1),
(269, ' ', 4, 29, 2.0, 1.0, 'Marcos Cesar', 'Pleno', 1),
(270, ' ', 4, 71, 4.0, 8.0, 'Marcos Cesar', 'Pleno', 1),
(271, ' ', 4, 63, 0.0, 2.0, 'Gabriel Morais', 'Pleno', 1),
(272, ' ', 4, 58, 4.0, 1.0, 'Gabriel Morais', 'Pleno', 1),
(273, ' ', 4, 65, 2.0, 1.0, 'Antonio Pedro', 'Pleno', 1),
(274, ' ', 4, 75, 4.0, 4.0, 'Marcos Cesar', 'Pleno', 1),
(275, ' ', 4, 55, 4.0, 1.0, 'Gabriel Morais', 'Pleno', 1),
(276, ' ', 4, 43, 2.0, 1.0, 'Marcos Cesar', 'Pleno', 1),
(277, ' ', 4, 85, 4.0, 6.0, 'Antonio Pedro', 'Pleno', 1),
(278, ' ', 4, 77, 2.0, 1.0, 'Anderson Fellipe', 'Pleno', 1),
(279, ' ', 4, 90, 4.0, 1.0, 'Anderson Fellipe', 'Pleno', 1),
(280, ' ', 4, 33, 2.0, 1.0, 'Anderson Fellipe', 'Pleno', 1),
(281, ' ', 4, 5, 2.0, 1.0, 'Antonio Pedro', 'Pleno', 1),
(282, ' ', 4, 59, 4.0, 4.0, 'Gabriel Morais', 'Pleno', 1),
(283, ' ', 4, 31, 4.0, 4.0, '', 'Pleno', 1),
(284, ' ', 4, 8, 4.0, 6.0, 'Anderson Fellipe', 'Pleno', 1),
(285, ' ', 4, 78, 4.0, 5.0, 'Anderson Fellipe', 'Pleno', 1),
(286, ' ', 4, 68, 4.0, 3.0, 'Anderson Fellipe', 'Pleno', 1),
(287, ' ', 4, 65, 2.0, 1.1, 'Antonio Pedro', 'Pleno', 1),
(288, ' ', 4, 63, 4.0, 1.1, 'Gabriel Morais', 'Pleno', 1),
(289, ' ', 4, 58, 2.0, 1.0, 'Gabriel Morais', 'Pleno', 1),
(290, ' ', 4, 87, 2.0, 1.0, 'Anderson Fellipe', 'Pleno', 1),
(291, ' ', 4, 16, 4.0, 4.0, 'Anderson Fellipe', 'Pleno', 1),
(292, ' ', 4, 16, 4.0, 4.0, 'Anderson Fellipe', 'Pleno', 1),
(293, ' ', 4, 77, 4.0, 5.0, 'Antonio Pedro', 'Pleno', 1),
(294, ' ', 4, 76, 4.0, 1.0, 'Antonio Pedro', 'Pleno', 1),
(295, ' ', 4, 77, 2.0, 2.0, 'Antonio Pedro', 'Pleno', 1),
(296, ' ', 4, 90, 2.0, 1.0, 'Antonio Pedro', 'Pleno', 1),
(297, ' ', 4, 71, 2.0, 2.0, 'Anderson Fellipe', 'Pleno', 1),
(298, ' ', 4, 68, 4.0, 12.0, 'Anderson Fellipe', 'Pleno', 1),
(299, ' ', 4, 65, 4.0, 6.0, 'Marcos Cesar', 'Pleno', 1),
(300, ' ', 4, 63, 2.0, 2.0, 'Marcos Cesar', 'Pleno', 1),
(301, ' ', 4, 58, 4.0, 2.0, 'Marcos Cesar', 'Pleno', 1),
(302, ' ', 4, 35, 4.0, 6.0, 'Marcos Cesar', 'Pleno', 1),
(303, ' ', 4, 16, 4.0, 3.0, 'Marcos Cesar', 'Pleno', 1),
(304, ' ', 4, 77, 2.0, 3.0, 'Gabriel Morais', 'Pleno', 1),
(305, ' ', 4, 76, 2.0, 1.0, 'Gabriel Morais', 'Pleno', 1),
(306, ' ', 4, 14, 2.0, 2.0, 'Marcos Cesar', 'Pleno', 1),
(307, ' ', 4, 77, 4.0, 1.0, 'Marcos Cesar', 'Pleno', 1),
(308, ' ', 4, 90, 2.0, 1.0, 'Marcos Cesar', 'Pleno', 1),
(309, ' ', 4, 71, 4.0, 4.0, 'Marcos Cesar', 'Pleno', 1),
(310, ' ', 4, 68, 4.0, 4.0, 'Marcos Cesar', 'Pleno', 1),
(311, ' ', 4, 65, 2.0, 2.0, 'Marcos Cesar', 'Pleno', 1),
(312, ' ', 4, 63, 4.0, 1.0, 'Gabriel Morais', 'Pleno', 1),
(313, ' ', 4, 58, 4.0, 2.0, 'Gabriel Morais', 'Pleno', 1),
(314, ' ', 4, 76, 4.0, 2.0, 'Marcos Cesar', 'Pleno', 1),
(315, ' ', 4, 77, 2.0, 1.0, 'Anderson Fellipe', 'Pleno', 1),
(316, ' ', 4, 90, 2.0, 1.0, 'Anderson Fellipe', 'Pleno', 1),
(317, ' ', 4, 29, 4.0, 1.0, 'Marcos Cesar', 'Pleno', 1),
(318, ' ', 4, 77, 4.0, 4.0, 'Gabriel Morais', 'Pleno', 1),
(319, ' ', 4, 29, 4.0, 4.0, 'Antonio Pedro', 'Pleno', 1),
(320, ' ', 4, 77, 4.0, 8.0, 'Anderson Fellipe', 'Pleno', 1),
(321, ' ', 4, 79, 2.0, 2.0, 'Caio Felipe', 'Junior', 1),
(322, ' ', 4, 77, 4.0, 2.0, 'Caio Felipe', 'Junior', 1),
(323, ' ', 4, 29, 2.0, 2.0, 'Wesley Goncalves', 'Pleno', 1),
(324, ' ', 4, 77, 8.0, 4.0, 'Wesley Goncalves', 'Pleno', 1),
(325, ' ', 4, 79, 4.0, 4.0, 'Caio Felipe', 'Junior', 1),
(326, ' ', 4, 29, 8.0, 10.0, 'Caio Felipe', 'Junior', 1),
(327, ' ', 4, 79, 2.0, 0.5, 'Antonio Pedro', 'Pleno', 1),
(328, ' ', 4, 74, 4.0, 3.0, 'Antonio Pedro', 'Pleno', 1),
(329, ' ', 4, 90, 4.0, 2.0, 'Anderson Fellipe', 'Pleno', 1),
(330, ' ', 4, 29, 8.0, 18.0, 'Anderson Fellipe', 'Pleno', 1),
(331, ' ', 4, 90, 4.0, 8.0, 'Marcos Cesar', 'Pleno', 1),
(332, ' ', 4, 90, 4.0, 6.0, 'Marcos Cesar', 'Pleno', 1),
(333, ' ', 4, 90, 2.0, 1.0, 'Marcos Cesar', 'Pleno', 1),
(334, ' ', 4, 79, 4.0, 1.0, 'Anderson Fellipe', 'Pleno', 1),
(335, ' ', 6, 31, 2.0, 2.0, 'Velmer Oliveira', 'Senior', 1),
(336, ' ', 6, 51, 2.0, 2.0, 'Velmer Oliveira', 'Senior', 1),
(337, ' ', 6, 51, 2.0, 2.0, 'Lucas Vieira', 'Pleno', 1),
(338, ' ', 6, 51, 2.0, 2.0, 'Velmer Oliveira', 'Senior', 1),
(339, ' ', 6, 63, 2.0, 2.0, 'Velmer Oliveira', 'Senior', 1),
(340, ' ', 6, 42, 3.0, 3.0, 'Velmer Oliveira', 'Senior', 1),
(341, ' ', 6, 52, 3.0, 3.0, 'Velmer Oliveira', 'Senior', 1),
(342, ' ', 6, 48, 3.0, 3.0, 'Velmer Oliveira', 'Senior', 1),
(343, ' ', 6, 52, 3.0, 3.0, 'Velmer Oliveira', 'Senior', 1),
(344, ' ', 6, 52, 3.0, 3.0, 'Velmer Oliveira', 'Senior', 1),
(345, ' ', 6, 52, 2.0, 2.0, 'Velmer Oliveira', 'Senior', 1),
(346, ' ', 6, 48, 2.0, 2.0, 'Lucas Vieira', 'Pleno', 1),
(347, ' ', 6, 42, 2.0, 2.0, 'Lucas Vieira', 'Pleno', 1),
(348, ' ', 6, 77, 2.0, 2.0, 'Francisco Angelim', 'Pleno', 1),
(349, ' ', 6, 77, 2.0, 2.0, 'Francisco Angelim', 'Pleno', 1),
(350, ' ', 6, 63, 2.0, 2.0, 'Francisco Angelim', 'Pleno', 1),
(351, ' ', 6, 52, 3.0, 3.0, 'Francisco Angelim', 'Pleno', 1),
(352, ' ', 6, 76, 3.0, 3.0, 'Francisco Angelim', 'Pleno', 1),
(353, ' ', 6, 77, 2.0, 2.0, 'Francisco Angelim', 'Pleno', 1),
(354, ' ', 6, 56, 1.5, 2.0, 'Francisco Angelim', 'Pleno', 1),
(355, ' ', 6, 76, 3.0, 3.0, 'Francisco Angelim', 'Pleno', 1),
(356, ' ', 6, 87, 2.0, 2.0, 'Lucas Vieira', 'Pleno', 1),
(357, ' ', 6, 16, 2.0, 2.0, 'Lucas Vieira', 'Pleno', 1),
(358, ' ', 6, 87, 1.0, 1.0, 'Lucas Vieira', 'Pleno', 1),
(359, ' ', 6, 42, 2.0, 2.0, 'Francisco Angelim', 'Pleno', 1),
(360, ' ', 6, 56, 1.5, 1.5, 'Velmer Oliveira', 'Senior', 1),
(361, ' ', 6, 27, 2.0, 2.0, 'Velmer Oliveira', 'Senior', 1),
(362, ' ', 6, 89, 1.0, 1.0, 'Velmer Oliveira', 'Senior', 1),
(363, ' ', 6, 61, 1.5, 1.5, 'Velmer Oliveira', 'Senior', 1),
(364, ' ', 6, 89, 1.5, 1.5, 'Velmer Oliveira', 'Senior', 1),
(365, ' ', 6, 63, 2.0, 2.0, 'Velmer Oliveira', 'Senior', 1),
(366, ' ', 6, 65, 3.0, 3.0, 'Velmer Oliveira', 'Senior', 1),
(367, ' ', 6, 47, 2.0, 2.0, 'Velmer Oliveira', 'Senior', 1),
(368, ' ', 6, 71, 2.0, 2.0, 'Velmer Oliveira', 'Senior', 1),
(369, ' ', 6, 56, 1.5, 1.5, 'Velmer Oliveira', 'Senior', 1),
(370, ' ', 6, 56, 1.5, 1.5, 'Velmer Oliveira', 'Senior', 1),
(371, ' ', 6, 61, 1.0, 1.0, 'Velmer Oliveira', 'Senior', 1),
(372, ' ', 6, 89, 1.5, 1.5, 'Velmer Oliveira', 'Senior', 1),
(373, ' ', 6, 63, 2.0, 2.0, 'Velmer Oliveira', 'Senior', 1),
(374, ' ', 6, 65, 3.0, 3.0, 'Velmer Oliveira', 'Senior', 1),
(375, ' ', 6, 47, 2.0, 2.0, 'Velmer Oliveira', 'Senior', 1),
(376, ' ', 6, 42, 2.0, 2.0, 'Velmer Oliveira', 'Senior', 1),
(377, ' ', 6, 56, 1.5, 1.5, 'Velmer Oliveira', 'Senior', 1),
(378, ' ', 6, 89, 1.5, 1.5, 'Velmer Oliveira', 'Senior', 1),
(379, ' ', 6, 61, 1.0, 1.0, 'Velmer Oliveira', 'Senior', 1),
(380, ' ', 6, 65, 3.0, 3.0, 'Velmer Oliveira', 'Senior', 1),
(381, ' ', 6, 63, 2.0, 2.0, 'Velmer Oliveira', 'Senior', 1),
(382, ' ', 6, 56, 1.5, 1.5, 'Velmer Oliveira', 'Senior', 1),
(383, ' ', 6, 47, 2.0, 2.0, 'Velmer Oliveira', 'Senior', 1),
(384, ' ', 6, 62, 3.0, 4.0, 'Lucas Vieira', 'Pleno', 1),
(385, ' ', 6, 63, 2.0, 3.0, 'Lucas Vieira', 'Pleno', 1),
(386, ' ', 6, 47, 2.0, 3.0, 'Lucas Vieira', 'Pleno', 1),
(387, ' ', 6, 65, 3.0, 4.0, 'Lucas Vieira', 'Pleno', 1),
(388, ' ', 6, 63, 2.0, 2.0, 'Lucas Vieira', 'Pleno', 1),
(389, ' ', 6, 61, 1.0, 1.0, 'Lucas Vieira', 'Pleno', 1),
(390, ' ', 6, 47, 3.0, 4.0, 'Lucas Vieira', 'Pleno', 1),
(391, ' ', 6, 89, 1.5, 2.0, 'Velmer Oliveira', 'Senior', 1),
(392, ' ', 6, 61, 1.0, 2.0, 'Lucas Vieira', 'Pleno', 1),
(393, ' ', 6, 65, 3.0, 4.0, 'Lucas Vieira', 'Pleno', 1),
(394, ' ', 6, 63, 3.0, 4.0, 'Lucas Vieira', 'Pleno', 1),
(395, ' ', 6, 47, 3.0, 4.0, 'Lucas Vieira', 'Pleno', 1),
(396, ' ', 6, 61, 1.0, 2.0, 'Francisco Angelim', 'Pleno', 1),
(397, ' ', 6, 47, 3.0, 4.0, 'Francisco Angelim', 'Pleno', 1),
(398, ' ', 6, 82, 3.0, 4.0, 'Francisco Angelim', 'Pleno', 1),
(399, ' ', 6, 61, 1.0, 2.0, 'Francisco Angelim', 'Pleno', 1),
(400, ' ', 6, 89, 1.5, 1.5, 'Francisco Angelim', 'Pleno', 1),
(401, ' ', 6, 47, 3.0, 3.0, 'Francisco Angelim', 'Pleno', 1),
(402, ' ', 6, 52, 3.0, 3.0, 'Lucas Vieira', 'Pleno', 1),
(403, ' ', 6, 61, 1.0, 1.0, 'Lucas Vieira', 'Pleno', 1),
(404, ' ', 6, 50, 3.0, 4.0, 'Lucas Vieira', 'Pleno', 1),
(405, ' ', 6, 50, 3.0, 4.0, 'Lucas Vieira', 'Pleno', 1),
(406, ' ', 6, 2, 3.0, 4.0, 'Lucas Vieira', 'Pleno', 1),
(407, ' ', 6, 12, 2.0, 2.0, 'Lucas Vieira', 'Pleno', 1),
(408, ' ', 6, 23, 3.0, 4.0, 'Lucas Vieira', 'Pleno', 1),
(409, ' ', 6, 61, 1.0, 1.0, 'Francisco Angelim', 'Pleno', 1),
(410, ' ', 6, 89, 1.5, 2.0, 'Francisco Angelim', 'Pleno', 1),
(411, ' ', 6, 47, 3.0, 3.0, 'Francisco Angelim', 'Pleno', 1),
(412, ' ', 6, 56, 1.5, 1.5, 'Francisco Angelim', 'Pleno', 1),
(413, ' ', 10, 19, 2.0, 3.0, 'Helder Machado', 'Pleno', 1),
(414, ' ', 10, 71, 1.0, 2.0, 'Tulio Henrique', 'Pleno', 1),
(415, ' ', 10, 63, 2.0, 2.0, 'Diego Moura', 'Pleno', 1),
(416, ' ', 10, 65, 1.0, 2.0, 'Tulio Henrique', 'Pleno', 1),
(417, ' ', 10, 75, 6.0, 8.0, 'Franklin Wesley', 'Pleno', 1),
(418, ' ', 10, 71, 2.0, 2.0, 'Tulio Henrique', 'Pleno', 1),
(419, ' ', 10, 71, 2.0, 2.0, 'Tulio Henrique', 'Pleno', 1),
(420, ' ', 10, 61, 2.0, 2.0, 'Diego Moura', 'Pleno', 1),
(421, ' ', 10, 61, 4.0, 6.0, 'Gervasio Costa', 'Pleno', 1),
(422, ' ', 10, 61, 2.0, 2.0, 'Diego Moura', 'Pleno', 1),
(423, ' ', 10, 61, 4.0, 6.0, 'Vinicius Jose', 'Pleno', 1),
(424, ' ', 10, 61, 2.5, 2.5, 'Vinicius Jose', 'Pleno', 1),
(425, ' ', 10, 30, 4.0, 4.0, 'Gervasio Costa', 'Pleno', 1),
(426, ' ', 10, 30, 4.0, 6.0, 'Franklin Wesley', 'Pleno', 1),
(427, ' ', 10, 30, 4.0, 6.0, 'Franklin Wesley', 'Pleno', 1),
(428, ' ', 10, 45, 3.0, 4.0, 'Vinicius Jose', 'Pleno', 1),
(429, ' ', 10, 75, 4.0, 5.0, 'Franklin Wesley', 'Pleno', 1),
(430, ' ', 10, 89, 2.0, 3.0, 'Vinicius Jose', 'Pleno', 1),
(431, ' ', 12, 19, 2.0, 3.0, 'Igor Farias', 'Pleno', 1),
(432, ' ', 12, 64, 0.5, 0.5, 'Igor Farias', 'Pleno', 1),
(433, ' ', 12, 53, 1.0, 1.5, 'Igor Farias', 'Pleno', 1),
(434, ' ', 12, 88, 1.0, 1.0, 'Igor Farias', 'Pleno', 1),
(435, ' ', 12, 54, 2.0, 3.0, 'Pablo Victor', 'Senior', 1),
(436, ' ', 12, 49, 1.0, 2.0, 'Pablo Victor', 'Senior', 1),
(437, ' ', 12, 4, 1.0, 2.0, 'Pablo Victor', 'Senior', 1),
(438, ' ', 12, 41, 2.0, 4.0, 'Igor Farias', 'Pleno', 1),
(439, ' ', 12, 67, 2.0, 3.0, 'Igor Farias', 'Pleno', 1),
(440, ' ', 12, 31, 4.0, 8.0, 'Axel Medeiros', 'Junior', 1),
(441, ' ', 12, 78, 2.0, 4.0, 'Jefferson Benedito', 'Pleno', 1),
(442, ' ', 12, 8, 2.0, 4.0, 'Jefferson Benedito', 'Pleno', 1),
(443, ' ', 12, 13, 1.0, 1.0, 'Pablo Victor', 'Senior', 1),
(444, ' ', 12, 88, 2.0, 2.0, 'Pablo Victor', 'Senior', 1),
(445, ' ', 12, 67, 1.0, 1.0, 'Axel Medeiros', 'Junior', 1),
(446, ' ', 12, 4, 1.0, 2.0, 'Pablo Victor', 'Senior', 1),
(447, ' ', 12, 67, 2.0, 4.0, 'Axel Medeiros', 'Junior', 1),
(448, ' ', 12, 77, 4.0, 4.0, 'Igor Farias', 'Pleno', 1),
(449, ' ', 12, 20, 3.0, 8.0, 'Igor Farias', 'Pleno', 1),
(450, ' ', 12, 14, 2.0, 4.0, 'Jefferson Benedito', 'Pleno', 1),
(451, ' ', 12, 52, 2.0, 2.0, 'Pablo Victor', 'Senior', 1),
(452, ' ', 12, 90, 2.0, 2.0, 'Pablo Victor', 'Senior', 1),
(453, ' ', 12, 14, 2.0, 2.0, 'Jefferson Benedito', 'Pleno', 1),
(454, ' ', 12, 48, 2.0, 3.0, 'Igor Farias', 'Pleno', 1),
(455, ' ', 12, 33, 2.0, 4.0, 'Igor Farias', 'Pleno', 1),
(456, ' ', 12, 79, 2.0, 3.0, 'Jefferson Benedito', 'Pleno', 1),
(457, ' ', 12, 80, 1.0, 3.0, 'Axel Medeiros', 'Junior', 1),
(458, ' ', 12, 37, 2.0, 3.0, 'Jefferson Benedito', 'Pleno', 1),
(459, ' ', 12, 10, 2.0, 1.0, 'Jefferson Benedito', 'Pleno', 1),
(460, ' ', 12, 43, 2.0, 4.0, 'Jefferson Benedito', 'Pleno', 1),
(461, ' ', 12, 60, 1.0, 1.0, 'Axel Medeiros', 'Junior', 1),
(462, ' ', 12, 53, 6.0, 10.0, 'Axel Medeiros', 'Junior', 1),
(463, ' ', 12, 81, 6.0, 10.0, 'Amanda Vivian', 'Junior', 1),
(464, ' ', 12, 60, 1.0, 3.0, 'Axel Medeiros', 'Junior', 1),
(465, ' ', 12, 66, 1.0, 4.0, 'Amanda Vivian', 'Junior', 1),
(466, ' ', 12, 53, 1.0, 2.0, 'Axel Medeiros', 'Junior', 1),
(467, ' ', 12, 77, 2.0, 2.0, 'Giuseppe Mongiovi', 'Pleno', 1),
(468, ' ', 12, 77, 2.0, 3.0, 'Giuseppe Mongiovi', 'Pleno', 1),
(469, ' ', 12, 71, 2.0, 2.0, 'Giuseppe Mongiovi', 'Pleno', 1),
(470, ' ', 12, 42, 2.0, 2.0, 'Giuseppe Mongiovi', 'Pleno', 1),
(471, ' ', 12, 71, 2.0, 4.0, 'Giuseppe Mongiovi', 'Pleno', 1),
(472, ' ', 12, 77, 2.0, 2.0, 'Giuseppe Mongiovi', 'Pleno', 1),
(473, ' ', 12, 42, 2.0, 2.0, 'Giuseppe Mongiovi', 'Pleno', 1),
(474, ' ', 12, 71, 2.0, 4.0, 'Giuseppe Mongiovi', 'Pleno', 1),
(475, ' ', 12, 59, 3.0, 3.0, 'Giuseppe Mongiovi', 'Pleno', 1),
(476, ' ', 12, 71, 4.0, 6.0, 'Giuseppe Mongiovi', 'Pleno', 1),
(477, ' ', 12, 65, 4.0, 5.0, 'Lucas Wilker', 'Pleno', 1),
(478, ' ', 12, 65, 3.0, 2.0, 'Lucas Wilker', 'Pleno', 1),
(479, ' ', 12, 75, 3.0, 6.0, 'Giuseppe Mongiovi', 'Pleno', 1),
(480, ' ', 12, 77, 4.0, 10.0, 'Axel Medeiros', 'Junior', 1),
(481, ' ', 12, 83, 2.0, 4.0, 'Giuseppe Mongiovi', 'Pleno', 1),
(482, ' ', 12, 65, 4.0, 6.0, 'Jefferson Benedito', 'Pleno', 1),
(483, ' ', 8, 54, 2.0, 1.5, 'Adson Silva', 'Pleno', 1),
(484, ' ', 8, 18, 1.0, 1.0, 'Matheus Maia', 'Pleno', 1),
(485, ' ', 8, 88, 1.0, 1.0, 'Adson Silva', 'Pleno', 1),
(486, ' ', 8, 71, 2.0, 2.0, 'David Medeiros', 'Pleno', 1),
(487, ' ', 8, 71, 2.0, 2.0, 'David Medeiros', 'Pleno', 1),
(488, ' ', 8, 30, 1.0, 1.5, 'Matheus Maia', 'Pleno', 1),
(489, ' ', 8, 90, 1.0, 1.5, 'Matheus Maia', 'Pleno', 1),
(490, ' ', 8, 52, 2.0, 2.0, 'Adson Silva', 'Pleno', 1),
(491, ' ', 8, 30, 1.0, 1.0, 'Adson Silva', 'Pleno', 1),
(492, ' ', 8, 65, 2.0, 2.0, 'Adson Silva', 'Pleno', 1),
(493, ' ', 8, 29, 1.0, 1.5, 'David Medeiros', 'Pleno', 1),
(494, ' ', 8, 30, 1.0, 1.0, 'Matheus Maia', 'Pleno', 1),
(495, ' ', 8, 75, 2.0, 2.0, 'Adson Silva', 'Pleno', 1),
(496, ' ', 8, 90, 2.0, 2.0, 'Adson Silva', 'Pleno', 1),
(497, ' ', 8, 61, 1.0, 1.5, 'David Medeiros', 'Pleno', 1),
(498, ' ', 8, 30, 2.0, 2.0, 'Adson Silva', 'Pleno', 1),
(499, ' ', 8, 30, 2.0, 1.5, 'Adson Silva', 'Pleno', 1),
(500, ' ', 8, 77, 2.0, 2.5, 'David Medeiros', 'Pleno', 1),
(501, ' ', 8, 42, 1.0, 1.0, 'David Medeiros', 'Pleno', 1),
(502, ' ', 8, 26, 1.0, 1.0, 'Matheus Maia', 'Pleno', 1),
(503, ' ', 8, 74, 2.0, 2.0, 'Matheus Maia', 'Pleno', 1),
(504, ' ', 8, 71, 2.0, 2.0, 'David Medeiros', 'Pleno', 1),
(505, ' ', 8, 58, 1.0, 1.5, 'Adson Silva', 'Pleno', 1),
(506, ' ', 8, 63, 1.0, 1.0, 'Adson Silva', 'Pleno', 1),
(507, ' ', 8, 30, 1.0, 1.5, 'Adson Silva', 'Pleno', 1),
(508, ' ', 8, 71, 2.0, 2.0, 'David Medeiros', 'Pleno', 1),
(509, ' ', 8, 58, 1.0, 1.5, 'Matheus Maia', 'Pleno', 1),
(510, ' ', 8, 63, 1.0, 1.0, 'Matheus Maia', 'Pleno', 1),
(511, ' ', 8, 30, 1.0, 1.5, 'Matheus Maia', 'Pleno', 1),
(512, ' ', 8, 2, 2.0, 2.0, 'Adson Silva', 'Pleno', 1),
(513, ' ', 8, 23, 2.0, 2.0, 'Adson Silva', 'Pleno', 1),
(514, ' ', 8, 41, 2.0, 2.0, 'Matheus Maia', 'Pleno', 1),
(515, ' ', 8, 91, 1.0, 1.5, 'Matheus Maia', 'Pleno', 1),
(516, ' ', 8, 82, 2.0, 3.0, 'Matheus Maia', 'Pleno', 1),
(517, ' ', 8, 28, 1.0, 1.0, 'Matheus Maia', 'Pleno', 1),
(518, ' ', 8, 12, 2.0, 2.0, 'David Medeiros', 'Pleno', 1),
(519, ' ', 8, 2, 1.0, 1.0, 'David Medeiros', 'Pleno', 1),
(520, ' ', 8, 23, 2.0, 2.0, 'David Medeiros', 'Pleno', 1),
(521, ' ', 8, 65, 3.0, 4.0, 'Matheus Maia', 'Pleno', 1),
(522, ' ', 8, 30, 1.0, 1.5, 'Matheus Maia', 'Pleno', 1),
(523, ' ', 8, 90, 2.0, 3.0, 'Matheus Maia', 'Pleno', 1),
(524, ' ', 8, 90, 2.0, 2.0, 'Adson Silva', 'Pleno', 1),
(525, ' ', 8, 90, 1.0, 1.0, 'Adson Silva', 'Pleno', 1),
(526, ' ', 8, 26, 2.0, 3.0, 'David Medeiros', 'Pleno', 1),
(527, ' ', 8, 26, 1.0, 1.5, 'Adson Silva', 'Pleno', 1),
(528, ' ', 5, 51, 2.0, 2.0, 'Pablo Victor', 'Senior', 1),
(529, ' ', 5, 65, 2.0, 2.0, 'Pablo Victor', 'Senior', 1),
(530, ' ', 5, 40, 2.0, 2.0, 'Pablo Victor', 'Senior', 1),
(531, ' ', 5, 19, 2.0, 2.0, 'Pablo Victor', 'Senior', 1),
(532, ' ', 11, 73, 3.0, 4.0, 'Jose Breno', 'Pleno', 1),
(533, ' ', 11, 74, 1.0, 2.0, 'Jose Breno', 'Pleno', 1),
(534, ' ', 11, 61, 2.0, 2.0, '', 'Pleno', 1),
(535, ' ', 11, 89, 4.0, 4.0, '', 'Pleno', 1),
(536, ' ', 11, 74, 8.0, 10.0, 'Romario Batista', 'Senior', 1),
(537, ' ', 11, 74, 4.0, 6.0, 'Jose Breno', 'Pleno', 1),
(538, ' ', 11, 77, 6.0, 6.0, 'Romario Batista', 'Senior', 1),
(539, ' ', 11, 47, 8.0, 8.0, 'Velmer Oliveira', 'Senior', 1),
(540, ' ', 11, 61, 3.0, 3.0, 'Velmer Oliveira', 'Senior', 1),
(541, ' ', 11, 90, 4.0, 4.0, 'Pablo Victor', 'Senior', 1),
(542, ' ', 11, 90, 4.0, 4.0, 'Pablo Victor', 'Senior', 1),
(543, ' ', 11, 90, 2.0, 2.0, 'Pablo Victor', 'Senior', 1),
(544, ' ', 11, 90, 2.0, 2.0, 'Pablo Victor', 'Senior', 1),
(545, ' ', 11, 90, 4.0, 4.0, 'Pablo Victor', 'Senior', 1),
(546, ' ', 11, 59, 6.0, 6.0, 'Pablo Victor', 'Senior', 1),
(547, ' ', 11, 22, 2.0, 3.0, 'Jose Raphael', 'Pleno', 1),
(548, ' ', 11, 61, 2.0, 4.0, 'Jose Raphael', 'Pleno', 1),
(549, ' ', 11, 61, 3.0, 4.0, 'Pablo Victor', 'Senior', 1),
(550, ' ', 11, 22, 4.0, 4.0, 'Jefferson Benedito', 'Pleno', 1),
(551, ' ', 11, 89, 16.0, 16.0, 'Pablo Victor', 'Senior', 1),
(552, ' ', 11, 61, 8.0, 10.0, 'Jefferson Benedito', 'Pleno', 1),
(553, ' ', 11, 61, 1.0, 2.0, 'Jefferson Benedito', 'Pleno', 1),
(554, ' ', 11, 61, 1.0, 2.0, 'Velmer Oliveira', 'Senior', 1),
(555, ' ', 11, 27, 1.0, 2.0, 'Pablo Victor', 'Senior', 1),
(556, ' ', 11, 34, 1.0, 1.0, 'Velmer Oliveira', 'Senior', 1),
(557, ' ', 11, 61, 13.0, 13.0, 'Pablo Victor', 'Senior', 1),
(558, ' ', 11, 61, 3.0, 3.0, 'Pablo Victor', 'Senior', 1),
(559, ' ', 11, 22, 2.0, 3.0, 'Jefferson Benedito', 'Pleno', 1),
(560, ' ', 11, 22, 2.0, 3.0, 'Jefferson Benedito', 'Pleno', 1),
(561, ' ', 11, 74, 4.0, 4.0, 'Jefferson Benedito', 'Pleno', 1),
(562, ' ', 11, 89, 12.0, 12.0, 'Pablo Victor', 'Senior', 1),
(563, ' ', 11, 61, 2.0, 2.0, 'Pablo Victor', 'Senior', 1),
(564, ' ', 11, 61, 2.0, 2.0, 'Pablo Victor', 'Senior', 1),
(565, ' ', 1, 42, 4.0, 4.0, 'Manuel Severino', 'Senior', 1),
(566, ' ', 1, 42, 4.0, 4.0, 'Manuel Severino', 'Senior', 1),
(567, ' ', 1, 61, 2.0, 2.0, 'Manuel Severino', 'Senior', 1),
(568, ' ', 1, 71, 4.0, 4.0, 'Manuel Severino', 'Senior', 1),
(569, ' ', 1, 61, 6.0, 6.0, 'Manuel Severino', 'Senior', 1),
(570, ' ', 1, 71, 3.0, 3.0, 'Manuel Severino', 'Senior', 1),
(571, ' ', 1, 56, 1.0, 1.0, 'Rerisson Daniel', 'Senior', 1),
(572, ' ', 1, 61, 4.0, 4.0, 'Caio Felipe', 'Junior', 1),
(573, ' ', 1, 61, 1.0, 1.0, 'Rerisson Daniel', 'Senior', 1),
(574, ' ', 1, 89, 1.0, 1.0, 'Rerisson Daniel', 'Senior', 1),
(575, ' ', 1, 30, 2.0, 2.0, 'Mendelssohn Dantas', 'Pleno', 1),
(576, ' ', 1, 10, 2.0, 2.0, 'Mendelssohn Dantas', 'Pleno', 1),
(577, ' ', 1, 35, 1.0, 1.0, 'Rerisson Daniel', 'Senior', 1),
(578, ' ', 1, 11, 3.0, 3.0, 'Mendelssohn Dantas', 'Pleno', 1),
(579, ' ', 1, 80, 3.0, 3.0, 'Manuel Severino', 'Senior', 1),
(580, ' ', 1, 83, 2.0, 2.0, 'Rerisson Daniel', 'Senior', 1),
(581, ' ', 2, 87, 3.0, 3.0, 'Manuel Severino', 'Senior', 1),
(582, ' ', 2, 87, 4.0, 4.0, 'Manuel Severino', 'Senior', 1),
(583, ' ', 2, 58, 1.0, 1.0, 'Rerisson Daniel', 'Senior', 1),
(584, ' ', 2, 61, 2.0, 2.0, 'Manuel Severino', 'Senior', 1),
(585, ' ', 2, 61, 2.0, 2.0, 'Rerisson Daniel', 'Senior', 1),
(586, ' ', 2, 71, 2.0, 2.0, 'Manuel Severino', 'Senior', 1),
(587, ' ', 2, 63, 1.0, 1.0, 'Mendelssohn Dantas', 'Pleno', 1),
(588, ' ', 2, 58, 2.0, 2.0, 'Manuel Severino', 'Senior', 1),
(589, ' ', 2, 71, 3.0, 3.0, 'Manuel Severino', 'Senior', 1),
(590, ' ', 2, 47, 2.0, 2.0, 'Manuel Severino', 'Senior', 1),
(591, ' ', 2, 71, 2.0, 2.0, 'Manuel Severino', 'Senior', 1),
(592, ' ', 2, 58, 2.0, 2.0, 'Manuel Severino', 'Senior', 1),
(593, ' ', 2, 42, 2.0, 2.0, 'Manuel Severino', 'Senior', 1),
(594, ' ', 2, 47, 1.0, 1.0, 'Manuel Severino', 'Senior', 1),
(595, ' ', 2, 58, 1.0, 1.0, 'Manuel Severino', 'Senior', 1),
(596, ' ', 2, 61, 3.0, 3.0, 'Manuel Severino', 'Senior', 1),
(597, ' ', 2, 58, 1.0, 1.0, 'Manuel Severino', 'Senior', 1),
(598, ' ', 2, 61, 1.0, 1.0, 'Manuel Severino', 'Senior', 1),
(599, ' ', 2, 61, 1.0, 1.0, 'Manuel Severino', 'Senior', 1),
(600, ' ', 2, 71, 2.0, 2.0, 'Manuel Severino', 'Senior', 1),
(601, ' ', 2, 71, 3.0, 3.0, 'Daniele Aparecida', 'Pleno', 1),
(602, ' ', 2, 61, 3.0, 3.0, 'Manuel Severino', 'Senior', 1),
(603, ' ', 2, 61, 2.0, 2.0, 'Gabriela Roberta', 'Pleno', 1),
(604, ' ', 2, 61, 0.25, 0.25, 'Gabriela Roberta', 'Pleno', 1),
(605, ' ', 2, 61, 1.0, 1.0, 'Rerisson Daniel', 'Senior', 1),
(606, ' ', 2, 61, 1.0, 1.0, 'Rerisson Daniel', 'Senior', 1),
(607, ' ', 2, 22, 1.0, 1.0, 'Rerisson Daniel', 'Senior', 1),
(608, ' ', 2, 61, 0.5, 0.5, 'Gabriela Roberta', 'Pleno', 1),
(609, ' ', 2, 34, 1.0, 1.0, 'Rerisson Daniel', 'Senior', 1),
(610, ' ', 2, 61, 1.0, 1.0, 'Rerisson Daniel', 'Senior', 1),
(611, ' ', 2, 22, 0.33, 0.33, 'Rerisson Daniel', 'Senior', 1),
(612, ' ', 2, 22, 3.0, 4.0, 'Gabriela Roberta', 'Pleno', 1),
(613, ' ', 2, 84, 3.0, 4.0, 'Gabriela Roberta', 'Pleno', 1),
(614, ' ', 7, 25, 4.0, 4.0, 'Wesley Goncalves', 'Pleno', 1),
(615, ' ', 7, 27, 4.0, 1.0, 'Marcos Cesar', 'Pleno', 1),
(616, ' ', 7, 56, 4.0, 8.0, 'Antonio Pedro', 'Pleno', 1),
(617, ' ', 7, 61, 4.0, 6.0, 'Marcos Cesar', 'Pleno', 1),
(618, ' ', 7, 61, 4.0, 8.0, 'Anderson Fellipe', 'Pleno', 1),
(619, ' ', 7, 56, 4.0, 12.0, 'Caio Felipe', 'Junior', 1),
(620, ' ', 7, 61, 2.0, 1.0, 'Antonio Pedro', 'Pleno', 1),
(621, ' ', 7, 61, 2.0, 1.0, 'Antonio Pedro', 'Pleno', 1),
(622, ' ', 7, 61, 2.0, 1.0, 'Antonio Pedro', 'Pleno', 1),
(623, ' ', 7, 61, 2.0, 1.0, 'Antonio Pedro', 'Pleno', 1),
(624, ' ', 7, 61, 3.0, 4.0, 'Caio Felipe', 'Junior', 1),
(625, ' ', 7, 61, 6.0, 6.0, 'Caio Felipe', 'Junior', 1),
(626, ' ', 7, 61, 4.0, 2.0, 'Anderson Fellipe', 'Pleno', 1),
(627, ' ', 7, 86, 4.0, 1.0, 'Anderson Fellipe', 'Pleno', 1),
(628, ' ', 7, 56, 4.0, 2.0, 'Marcos Cesar', 'Pleno', 1),
(629, ' ', 7, 90, 4.0, 5.0, 'Wesley Goncalves', 'Pleno', 1),
(630, ' ', 7, 74, 4.0, 2.0, 'Marcos Cesar', 'Pleno', 1),
(631, ' ', 7, 61, 4.0, 4.0, 'Antonio Pedro', 'Pleno', 1),
(632, ' ', 7, 56, 4.0, 4.0, 'Wesley Goncalves', 'Pleno', 1),
(633, ' ', 7, 90, 4.0, 5.0, 'Marcos Cesar', 'Pleno', 1),
(634, ' ', 7, 90, 4.0, 16.0, 'Anderson Fellipe', 'Pleno', 1),
(635, ' ', 7, 29, 4.0, 12.0, 'Anderson Fellipe', 'Pleno', 1),
(636, ' ', 7, 63, 2.0, 1.0, 'Antonio Pedro', 'Pleno', 1),
(637, ' ', 7, 61, 4.0, 4.0, 'Caio Felipe', 'Junior', 1),
(638, ' ', 7, 71, 4.0, 10.0, 'Antonio Pedro', 'Pleno', 1),
(639, ' ', 7, 71, 4.0, 4.0, 'Marcos Cesar', 'Pleno', 1),
(640, ' ', 7, 61, 4.0, 8.0, 'Anderson Fellipe', 'Pleno', 1),
(641, ' ', 7, 90, 4.0, 6.0, 'Marcos Cesar', 'Pleno', 1),
(642, ' ', 7, 71, 6.0, 8.0, 'Caio Felipe', 'Junior', 1),
(643, ' ', 7, 74, 4.0, 4.0, 'Caio Felipe', 'Junior', 1),
(644, ' ', 7, 74, 2.0, 2.0, 'Antonio Pedro', 'Pleno', 1),
(645, ' ', 7, 74, 2.0, 1.0, 'Antonio Pedro', 'Pleno', 1),
(646, ' ', 7, 74, 2.0, 1.0, 'Antonio Pedro', 'Pleno', 1),
(647, ' ', 7, 74, 2.0, 1.0, 'Antonio Pedro', 'Pleno', 1),
(648, ' ', 7, 61, 2.0, 2.0, 'Antonio Pedro', 'Pleno', 1),
(649, ' ', 7, 61, 2.0, 1.0, 'Antonio Pedro', 'Pleno', 1),
(650, ' ', 7, 61, 2.0, 1.0, 'Antonio Pedro', 'Pleno', 1),
(651, ' ', 7, 61, 3.0, 6.0, 'Marcos Cesar', 'Pleno', 1),
(652, ' ', 7, 61, 2.0, 3.0, 'Caio Felipe', 'Junior', 1),
(653, ' ', 7, 86, 2.0, 1.0, 'Caio Felipe', 'Junior', 1),
(654, ' ', 7, 30, 2.0, 2.0, 'Marcos Cesar', 'Pleno', 1),
(655, ' ', 7, 61, 2.0, 3.0, 'Marcos Cesar', 'Pleno', 1),
(656, ' ', 7, 61, 2.0, 2.0, 'Anderson Fellipe', 'Pleno', 1),
(657, ' ', 7, 61, 2.0, 3.0, 'Anderson Fellipe', 'Pleno', 1),
(658, ' ', 7, 61, 2.0, 1.0, 'Marcos Cesar', 'Pleno', 1),
(659, ' ', 7, 61, 2.0, 2.0, 'Marcos Cesar', 'Pleno', 1),
(660, ' ', 7, 63, 8.0, 10.0, 'Antonio Pedro', 'Pleno', 1),
(661, ' ', 7, 61, 2.0, 2.0, 'Marcos Cesar', 'Pleno', 1),
(662, ' ', 7, 61, 2.0, 4.0, 'Marcos Cesar', 'Pleno', 1),
(663, ' ', 7, 61, 2.0, 2.0, 'Marcos Cesar', 'Pleno', 1),
(664, ' ', 7, 61, 2.0, 1.0, 'Marcos Cesar', 'Pleno', 1),
(665, ' ', 7, 61, 2.0, 4.0, 'Caio Felipe', 'Junior', 1),
(666, ' ', 7, 61, 2.0, 2.0, 'Marcos Cesar', 'Pleno', 1),
(667, ' ', 7, 61, 6.0, 20.0, 'Caio Felipe', 'Junior', 1),
(668, ' ', 7, 61, 2.0, 2.0, 'Marcos Cesar', 'Pleno', 1),
(669, ' ', 7, 61, 2.0, 6.0, 'Marcos Cesar', 'Pleno', 1),
(670, ' ', 7, 61, 2.0, 1.0, 'Marcos Cesar', 'Pleno', 1),
(671, ' ', 7, 61, 2.0, 1.0, 'Antonio Pedro', 'Pleno', 1),
(672, ' ', 7, 26, 4.0, 4.0, 'Caio Felipe', 'Junior', 1),
(673, ' ', 7, 90, 3.0, 4.0, 'Caio Felipe', 'Junior', 1),
(674, ' ', 7, 90, 12.0, 15.0, 'Caio Felipe', 'Junior', 1),
(675, ' ', 7, 61, 3.0, 8.0, 'Anderson Fellipe', 'Pleno', 1),
(676, ' ', 7, 61, 2.0, 2.0, 'Marcos Cesar', 'Pleno', 1),
(677, ' ', 7, 61, 1.0, 1.0, 'Antonio Pedro', 'Pleno', 1),
(678, ' ', 7, 61, 4.0, 3.0, 'Anderson Fellipe', 'Pleno', 1),
(679, ' ', 7, 61, 2.0, 1.0, 'Antonio Pedro', 'Pleno', 1),
(680, ' ', 7, 61, 2.0, 3.0, 'Anderson Fellipe', 'Pleno', 1),
(681, ' ', 7, 74, 2.0, 8.0, 'Anderson Fellipe', 'Pleno', 1),
(682, ' ', 7, 61, 2.0, 2.0, 'Antonio Pedro', 'Pleno', 1),
(683, ' ', 7, 61, 2.0, 3.0, 'Anderson Fellipe', 'Pleno', 1),
(684, ' ', 7, 61, 6.0, 14.0, 'Marcos Cesar', 'Pleno', 1),
(685, ' ', 7, 30, 1.0, 2.0, 'Antonio Pedro', 'Pleno', 1),
(686, ' ', 7, 61, 4.0, 5.0, 'Antonio Pedro', 'Pleno', 1),
(687, ' ', 7, 61, 4.0, 2.0, 'Marcos Cesar', 'Pleno', 1),
(688, ' ', 7, 61, 4.0, 5.0, 'Marcos Cesar', 'Pleno', 1),
(689, ' ', 7, 61, 4.0, 3.0, 'Antonio Pedro', 'Pleno', 1),
(690, ' ', 7, 61, 4.0, 2.0, 'Marcos Cesar', 'Pleno', 1),
(691, ' ', 7, 61, 4.0, 3.0, 'Anderson Fellipe', 'Pleno', 1),
(692, ' ', 7, 90, 4.0, 4.0, 'Caio Felipe', 'Junior', 1),
(693, ' ', 7, 61, 4.0, 14.0, 'Anderson Fellipe', 'Pleno', 1),
(694, ' ', 7, 61, 4.0, 5.0, 'Caio Felipe', 'Junior', 1),
(695, ' ', 7, 61, 4.0, 7.0, 'Caio Felipe', 'Junior', 1),
(696, ' ', 7, 61, 4.0, 24.0, 'Caio Felipe', 'Junior', 1),
(697, ' ', 7, 61, 2.0, 1.3, 'Marcos Cesar', 'Pleno', 1),
(698, ' ', 7, 30, 4.0, 6.0, 'Marcos Cesar', 'Pleno', 1),
(699, ' ', 7, 61, 4.0, 3.0, 'Marcos Cesar', 'Pleno', 1),
(700, ' ', 7, 61, 4.0, 9.0, 'Antonio Pedro', 'Pleno', 1),
(701, ' ', 7, 41, 4.0, 5.0, 'Marcos Cesar', 'Pleno', 1),
(702, ' ', 7, 61, 4.0, 1.0, 'Marcos Cesar', 'Pleno', 1),
(703, ' ', 7, 61, 4.0, 7.0, 'Marcos Cesar', 'Pleno', 1),
(704, ' ', 7, 30, 4.0, 3.0, 'Marcos Cesar', 'Pleno', 1),
(705, ' ', 7, 30, 4.0, 1.0, 'Antonio Pedro', 'Pleno', 1),
(706, ' ', 7, 90, 4.0, 2.0, 'Caio Felipe', 'Junior', 1),
(707, ' ', 7, 90, 4.0, 5.0, 'Caio Felipe', 'Junior', 1),
(708, ' ', 7, 90, 4.0, 3.0, 'Caio Felipe', 'Junior', 1),
(709, ' ', 7, 27, 4.0, 4.0, 'Caio Felipe', 'Junior', 1),
(710, ' ', 7, 90, 4.0, 6.0, 'Antonio Pedro', 'Pleno', 1),
(711, ' ', 7, 90, 4.0, 2.0, 'Anderson Fellipe', 'Pleno', 1),
(712, ' ', 7, 90, 4.0, 8.0, 'Anderson Fellipe', 'Pleno', 1),
(713, ' ', 7, 90, 4.0, 4.0, 'Anderson Fellipe', 'Pleno', 1),
(714, ' ', 7, 90, 4.0, 6.0, 'Anderson Fellipe', 'Pleno', 1),
(715, ' ', 7, 90, 4.0, 3.0, 'Anderson Fellipe', 'Pleno', 1),
(716, ' ', 7, 90, 4.0, 3.0, 'Anderson Fellipe', 'Pleno', 1),
(717, ' ', 7, 61, 2.0, 2.0, 'Antonio Pedro', 'Pleno', 1),
(718, ' ', 7, 61, 2.0, 1.0, 'Antonio Pedro', 'Pleno', 1),
(719, ' ', 7, 61, 1.0, 0.2, 'Antonio Pedro', 'Pleno', 1),
(720, ' ', 7, 56, 1.0, 0.5, 'Antonio Pedro', 'Pleno', 1),
(721, ' ', 7, 61, 2.0, 0.5, 'Antonio Pedro', 'Pleno', 1),
(722, ' ', 7, 61, 3.0, 1.0, 'Antonio Pedro', 'Pleno', 1),
(723, ' ', 7, 90, 4.0, 4.0, 'Caio Felipe', 'Junior', 1),
(724, ' ', 7, 90, 4.0, 5.0, 'Caio Felipe', 'Junior', 1),
(725, ' ', 7, 90, 2.0, 3.0, 'Caio Felipe', 'Junior', 1),
(726, ' ', 7, 90, 4.0, 4.0, 'Anderson Fellipe', 'Pleno', 1),
(727, ' ', 7, 90, 4.0, 5.0, 'Anderson Fellipe', 'Pleno', 1),
(728, ' ', 7, 90, 4.0, 6.0, 'Anderson Fellipe', 'Pleno', 1),
(729, ' ', 7, 90, 4.0, 1.0, 'Anderson Fellipe', 'Pleno', 1),
(730, ' ', 7, 90, 4.0, 4.0, 'Anderson Fellipe', 'Pleno', 1);

INSERT INTO task_hours(id_task_hours, id_task, hours) VALUES
(0,2, 3),
(1,3, 3),
(2,4, 1.75),
(3,5, 1.75),
(4,8, 5.333),
(5,10, 1.5),
(6,11, 5),
(7,12, 2),
(8,13, 2.429),
(9,14, 2.429),
(10,16, 3),
(11,18, 3),
(12,19, 2.667),
(13,20, 4.75),
(14,22, 2.619),
(15,23, 2.667),
(16,25, 3.5),
(17,26, 1.9),
(18,27, 1.9),
(19,28, 1.9),
(20,29, 5.611),
(21,30, 2.559),
(22,31, 4.2),
(23,32, 1.674),
(24,33, 1.674),
(25,34, 1.674),
(26,35, 3.5),
(27,37, 2.333),
(28,40, 4.8),
(29,41, 3.25),
(30,42, 2.545),
(31,43, 2),
(32,44, 2),
(33,45, 4.2),
(34,46, 4.2),
(35,47, 3.385),
(36,48, 2.5),
(37,49, 2.5),
(38,50, 4),
(39,51, 2.138),
(40,52, 2.8),
(41,53, 4.5),
(42,54, 1.643),
(43,55, 1.545),
(44,56, 2.296),
(45,58, 2.737),
(46,59, 2.737),
(47,60, 2.737),
(48,61, 3.363),
(49,62, 2.282),
(50,63, 2.282),
(51,64, 2.282),
(52,65, 3.131),
(53,66, 3.5),
(54,67, 3),
(55,68, 3.558),
(56,70, 3.558),
(57,71, 3.558),
(58,72, 3.558),
(59,73, 3.558),
(60,74, 3.267),
(61,75, 4.333),
(62,76, 2.515),
(63,77, 2.515),
(64,78, 4.333),
(65,79, 2.5),
(66,80, 2.625),
(67,81, 3),
(68,82, 2.8),
(69,83, 3),
(70,84, 3.625),
(71,85, 3.625),
(72,86, 2.318),
(73,87, 2.318),
(74,88, 2.529),
(75,89, 3.846),
(76,90, 3.814),
(77,91, 3.814);